<?xml version="1.0"?>
<pagescount>
	<html_total>724</html_total>
	<html_done>724</html_done>
	<images>879</images>
	<script>148</script>
	<css>9</css>
	<pdf/>
	<documents/>
	<excel/>
	<powerpoint/>
	<flash>5</flash>
	<audios/>
	<videos/>
	<xml/>
	<json/>
	<txt/>
	<autocad/>
	<model_3d/>
	<fonts/>
	<scraping_reload>4</scraping_reload>
	<is_pretty_url>false</is_pretty_url>
	<has_trailing_slash>true</has_trailing_slash>
	<is_ebn>false</is_ebn>
	<email>eleanorwilton@outlook.com</email>
	<theme_name>qod75actnm3thd7oru9g6265923</theme_name>
	<server_url_front_page>https://www.waybackmachinedownloader.com/scraping/files/live/chen-qi.cn_eleanorwilton_outlook.com_x5r7x4hy25/</server_url_front_page>
	<no_www_url>chen-qi.cn</no_www_url>
	<hosted_domain/>
	<original_archive_url>https://web.archive.org/web/20070810204651/http://www.chen-qi.cn:80/index.html</original_archive_url>
	<final_archive_url>https://web.archive.org/web/20070810204651/http://www.chen-qi.cn:80/index.html</final_archive_url>
	<front_page_code_date>20070810204651</front_page_code_date>
	<total_urls_from_api/>
	<max_reached_live>level</max_reached_live>
	<scrape_other_captures>search_ended</scrape_other_captures>
	<total_size>19628</total_size>
</pagescount>
